{
    "rouge-1": {
        "f": 0.4303797418554719,
        "p": 0.40476190476190477,
        "r": 0.4594594594594595
    },
    "rouge-2": {
        "f": 0.13636363137396712,
        "p": 0.13043478260869565,
        "r": 0.14285714285714285
    },
    "rouge-l": {
        "f": 0.37777777278765434,
        "p": 0.3617021276595745,
        "r": 0.3953488372093023
    },
    "bleu": 0.08466919880918329,
    "keyword_coverage": 0.42857142857142855,
    "length_ratio": 1.0,
    "conciseness": 0.21739130434782608,
    "comprehensive_score": 0.34413583134441833
}