{
    "mT5": {
        "rouge1": 0.45714285217959183,
        "rouge2": 0.2941176420761246,
        "rougeL": 0.44444443945987655
    },
    "TextRank": {
        "rouge1": 0.3272727227504133,
        "rouge2": 0.030303026336088678,
        "rougeL": 0.15789473309210533
    }
}